,Scores CV,Dim test
0,0.988041139588602,66803
1,0.9879062571339912,66803
2,0.9873309032124215,66803
3,0.9881287205787654,66803
4,0.9875157755599809,66803
