,Scores CV,Dim test
0,0.9207835881745536,66803
1,0.9225998748614254,66803
2,0.9202630156197743,66803
3,0.9197320533087829,66803
4,0.9212944159961327,66803
