,Scores CV,Dim test
0,0.9796079983484945,66803
1,0.980313833733857,66803
2,0.978366223038058,66803
3,0.9794485104144228,66803
4,0.9779926116860022,66803
