,Scores CV,Dim test
0,0.9932061915089726,66803
1,0.9933856635770093,66803
2,0.9933089492349945,66803
3,0.9936378252601332,66803
4,0.9926972096772164,66803
