,Scores CV,Dim test
0,0.5333578831148525,66803
1,0.523542851878624,66803
2,0.5403318260674784,66803
3,0.567749299659005,66803
4,0.5348159534654985,66803
