,Scores CV,Dim test
0,0.9550102218620848,66803
1,0.9548302800083451,66803
2,0.9546481374364382,66803
3,0.9550924016477664,66803
4,0.955520744415373,66803
