,Scores CV,Dim test
0,0.9682810730552589,66803
1,0.9672488276645007,66803
2,0.967454799450357,66803
3,0.9676716156317189,66803
4,0.9681336776128343,66803
