,Scores CV,Dim test
0,0.9923386369217156,66803
1,0.992771603935724,66803
2,0.9929645852500022,66803
3,0.9929795349781309,66803
4,0.29842118541765567,66803
