,Scores CV,Dim test
0,0.01972063356748243,66803
1,0.019715243305034633,66803
2,0.019715243305034633,66803
3,0.01972063356748243,66803
4,0.01972063356748243,66803
